pitch,yaw,roll
0.0,0.0,0.0
0.7207207207207207,1.0810810810810811,1.4414414414414414
1.4414414414414414,2.1621621621621623,2.8828828828828827
2.1621621621621623,3.2432432432432434,4.324324324324325
2.8828828828828827,4.324324324324325,5.7657657657657655
3.603603603603603,5.405405405405405,7.207207207207206
4.324324324324325,6.486486486486487,8.64864864864865
5.045045045045045,7.567567567567568,10.09009009009009
5.7657657657657655,8.64864864864865,11.531531531531531
6.486486486486486,9.72972972972973,12.972972972972972
7.207207207207206,10.81081081081081,14.414414414414413
7.927927927927928,11.891891891891893,15.855855855855856
8.64864864864865,12.972972972972974,17.2972972972973
9.36936936936937,14.054054054054054,18.73873873873874
10.09009009009009,15.135135135135137,20.18018018018018
10.81081081081081,16.216216216216218,21.62162162162162
11.531531531531531,17.2972972972973,23.063063063063062
12.252252252252251,18.37837837837838,24.504504504504503
12.972972972972972,19.45945945945946,25.945945945945944
13.693693693693692,20.54054054054054,27.387387387387385
14.414414414414413,21.62162162162162,28.828828828828826
15.135135135135135,22.702702702702705,30.27027027027027
15.855855855855856,23.783783783783786,31.71171171171171
16.576576576576574,24.864864864864867,33.15315315315315
17.2972972972973,25.945945945945947,34.5945945945946
18.01801801801802,27.027027027027028,36.03603603603604
18.73873873873874,28.10810810810811,37.47747747747748
19.45945945945946,29.18918918918919,38.91891891891892
20.18018018018018,30.270270270270274,40.36036036036036
20.9009009009009,31.351351351351354,41.8018018018018
21.62162162162162,32.432432432432435,43.24324324324324
22.34234234234234,33.513513513513516,44.68468468468468
23.063063063063062,34.5945945945946,46.126126126126124
23.783783783783782,35.67567567567568,47.567567567567565
24.504504504504503,36.75675675675676,49.009009009009006
25.225225225225223,37.83783783783784,50.45045045045045
25.945945945945944,38.91891891891892,51.89189189189189
26.666666666666664,40.0,53.33333333333333
27.387387387387385,41.08108108108108,54.77477477477477
28.108108108108105,42.16216216216216,56.21621621621621
28.828828828828826,43.24324324324324,57.65765765765765
29.54954954954955,44.32432432432433,59.0990990990991
30.27027027027027,45.40540540540541,60.54054054054054
30.99099099099099,46.48648648648649,61.98198198198198
31.71171171171171,47.56756756756757,63.42342342342342
32.43243243243243,48.64864864864865,64.86486486486486
33.15315315315315,49.72972972972973,66.3063063063063
33.87387387387387,50.810810810810814,67.74774774774774
34.5945945945946,51.891891891891895,69.1891891891892
35.31531531531532,52.972972972972975,70.63063063063063
36.03603603603604,54.054054054054056,72.07207207207207
36.75675675675676,55.13513513513514,73.51351351351352
37.47747747747748,56.21621621621622,74.95495495495496
38.1981981981982,57.2972972972973,76.3963963963964
38.91891891891892,58.37837837837838,77.83783783783784
39.63963963963964,59.45945945945946,79.27927927927928
40.36036036036036,60.54054054054055,80.72072072072072
41.08108108108108,61.62162162162163,82.16216216216216
41.8018018018018,62.70270270270271,83.6036036036036
42.52252252252252,63.78378378378379,85.04504504504504
43.24324324324324,64.86486486486487,86.48648648648648
43.96396396396396,65.94594594594595,87.92792792792793
44.68468468468468,67.02702702702703,89.36936936936937
45.4054054054054,68.10810810810811,90.8108108108108
46.126126126126124,69.1891891891892,92.25225225225225
46.846846846846844,70.27027027027027,93.69369369369369
47.567567567567565,71.35135135135135,95.13513513513513
48.288288288288285,72.43243243243244,96.57657657657657
49.009009009009006,73.51351351351352,98.01801801801801
49.729729729729726,74.5945945945946,99.45945945945945
50.45045045045045,75.67567567567568,100.9009009009009
51.17117117117117,76.75675675675676,102.34234234234233
51.89189189189189,77.83783783783784,103.78378378378378
52.61261261261261,78.91891891891892,105.22522522522522
53.33333333333333,80.0,106.66666666666666
54.05405405405405,81.08108108108108,108.1081081081081
54.77477477477477,82.16216216216216,109.54954954954954
55.49549549549549,83.24324324324324,110.99099099099098
56.21621621621621,84.32432432432432,112.43243243243242
56.93693693693693,85.4054054054054,113.87387387387386
57.65765765765765,86.48648648648648,115.3153153153153
58.37837837837838,87.56756756756758,116.75675675675676
59.0990990990991,88.64864864864866,118.1981981981982
59.81981981981982,89.72972972972974,119.63963963963964
60.54054054054054,90.81081081081082,121.08108108108108
61.26126126126126,91.8918918918919,122.52252252252252
61.98198198198198,92.97297297297298,123.96396396396396
62.7027027027027,94.05405405405406,125.4054054054054
63.42342342342342,95.13513513513514,126.84684684684684
64.14414414414414,96.21621621621622,128.28828828828827
64.86486486486486,97.2972972972973,129.7297297297297
65.58558558558558,98.37837837837839,131.17117117117115
66.3063063063063,99.45945945945947,132.6126126126126
67.02702702702702,100.54054054054055,134.05405405405403
67.74774774774774,101.62162162162163,135.49549549549548
68.46846846846846,102.70270270270271,136.93693693693692
69.1891891891892,103.78378378378379,138.3783783783784
69.90990990990991,104.86486486486487,139.81981981981983
70.63063063063063,105.94594594594595,141.26126126126127
71.35135135135135,107.02702702702703,142.7027027027027
72.07207207207207,108.10810810810811,144.14414414414415
72.7927927927928,109.1891891891892,145.5855855855856
73.51351351351352,110.27027027027027,147.02702702702703
74.23423423423424,111.35135135135135,148.46846846846847
74.95495495495496,112.43243243243244,149.9099099099099
75.67567567567568,113.51351351351352,151.35135135135135
76.3963963963964,114.5945945945946,152.7927927927928
77.11711711711712,115.67567567567568,154.23423423423424
77.83783783783784,116.75675675675676,155.67567567567568
78.55855855855856,117.83783783783784,157.11711711711712
79.27927927927928,118.91891891891892,158.55855855855856
80.0,120.0,160.0
80.72072072072072,121.0810810810811,161.44144144144144
81.44144144144144,122.16216216216218,162.88288288288288
82.16216216216216,123.24324324324326,164.32432432432432
82.88288288288288,124.32432432432434,165.76576576576576
83.6036036036036,125.40540540540542,167.2072072072072
84.32432432432432,126.4864864864865,168.64864864864865
85.04504504504504,127.56756756756758,170.0900900900901
85.76576576576576,128.64864864864865,171.53153153153153
86.48648648648648,129.72972972972974,172.97297297297297
87.2072072072072,130.8108108108108,174.4144144144144
87.92792792792793,131.8918918918919,175.85585585585585
88.64864864864865,132.97297297297297,177.2972972972973
89.36936936936937,134.05405405405406,178.73873873873873
90.09009009009009,135.13513513513513,180.18018018018017
90.8108108108108,136.21621621621622,181.6216216216216
91.53153153153153,137.2972972972973,183.06306306306305
92.25225225225225,138.3783783783784,184.5045045045045
92.97297297297297,139.45945945945948,185.94594594594594
93.69369369369369,140.54054054054055,187.38738738738738
94.41441441441441,141.62162162162164,188.82882882882882
95.13513513513513,142.7027027027027,190.27027027027026
95.85585585585585,143.7837837837838,191.7117117117117
96.57657657657657,144.86486486486487,193.15315315315314
97.29729729729729,145.94594594594597,194.59459459459458
98.01801801801801,147.02702702702703,196.03603603603602
98.73873873873873,148.10810810810813,197.47747747747746
99.45945945945945,149.1891891891892,198.9189189189189
100.18018018018017,150.2702702702703,200.36036036036035
100.9009009009009,151.35135135135135,201.8018018018018
101.62162162162161,152.43243243243245,203.24324324324323
102.34234234234233,153.51351351351352,204.68468468468467
103.06306306306305,154.5945945945946,206.1261261261261
103.78378378378378,155.67567567567568,207.56756756756755
104.5045045045045,156.75675675675677,209.009009009009
105.22522522522522,157.83783783783784,210.45045045045043
105.94594594594594,158.91891891891893,211.89189189189187
106.66666666666666,160.0,213.33333333333331
107.38738738738738,161.0810810810811,214.77477477477476
108.1081081081081,162.16216216216216,216.2162162162162
108.82882882882882,163.24324324324326,217.65765765765764
109.54954954954954,164.32432432432432,219.09909909909908
110.27027027027026,165.40540540540542,220.54054054054052
110.99099099099098,166.48648648648648,221.98198198198196
111.7117117117117,167.56756756756758,223.4234234234234
112.43243243243242,168.64864864864865,224.86486486486484
113.15315315315314,169.72972972972974,226.30630630630628
113.87387387387386,170.8108108108108,227.74774774774772
114.59459459459458,171.8918918918919,229.18918918918916
115.3153153153153,172.97297297297297,230.6306306306306
116.03603603603604,174.05405405405406,232.07207207207207
116.75675675675676,175.13513513513516,233.51351351351352
117.47747747747748,176.21621621621622,234.95495495495496
118.1981981981982,177.29729729729732,236.3963963963964
118.91891891891892,178.3783783783784,237.83783783783784
119.63963963963964,179.45945945945948,239.27927927927928
120.36036036036036,180.54054054054055,240.72072072072072
121.08108108108108,181.62162162162164,242.16216216216216
121.8018018018018,182.7027027027027,243.6036036036036
122.52252252252252,183.7837837837838,245.04504504504504
123.24324324324324,184.86486486486487,246.48648648648648
123.96396396396396,185.94594594594597,247.92792792792793
124.68468468468468,187.02702702702703,249.36936936936937
125.4054054054054,188.10810810810813,250.8108108108108
126.12612612612612,189.1891891891892,252.25225225225225
126.84684684684684,190.2702702702703,253.6936936936937
127.56756756756756,191.35135135135135,255.13513513513513
128.28828828828827,192.43243243243245,256.57657657657654
129.009009009009,193.51351351351352,258.018018018018
129.7297297297297,194.5945945945946,259.4594594594594
130.45045045045043,195.67567567567568,260.90090090090087
131.17117117117115,196.75675675675677,262.3423423423423
131.89189189189187,197.83783783783784,263.78378378378375
132.6126126126126,198.91891891891893,265.2252252252252
133.33333333333331,200.0,266.66666666666663
134.05405405405403,201.0810810810811,268.10810810810807
134.77477477477476,202.16216216216216,269.5495495495495
135.49549549549548,203.24324324324326,270.99099099099095
136.2162162162162,204.32432432432432,272.4324324324324
136.93693693693692,205.40540540540542,273.87387387387383
137.65765765765764,206.48648648648648,275.3153153153153
138.3783783783784,207.56756756756758,276.7567567567568
139.0990990990991,208.64864864864867,278.1981981981982
139.81981981981983,209.72972972972974,279.63963963963965
140.54054054054055,210.81081081081084,281.0810810810811
141.26126126126127,211.8918918918919,282.52252252252254
141.981981981982,212.972972972973,283.963963963964
142.7027027027027,214.05405405405406,285.4054054054054
143.42342342342343,215.13513513513516,286.84684684684686
144.14414414414415,216.21621621621622,288.2882882882883
144.86486486486487,217.29729729729732,289.72972972972974
145.5855855855856,218.3783783783784,291.1711711711712
146.3063063063063,219.45945945945948,292.6126126126126
147.02702702702703,220.54054054054055,294.05405405405406
147.74774774774775,221.62162162162164,295.4954954954955
148.46846846846847,222.7027027027027,296.93693693693695
149.1891891891892,223.7837837837838,298.3783783783784
149.9099099099099,224.86486486486487,299.8198198198198
150.63063063063063,225.94594594594597,301.26126126126127
151.35135135135135,227.02702702702703,302.7027027027027
152.07207207207207,228.10810810810813,304.14414414414415
152.7927927927928,229.1891891891892,305.5855855855856
153.51351351351352,230.2702702702703,307.02702702702703
154.23423423423424,231.35135135135135,308.4684684684685
154.95495495495496,232.43243243243245,309.9099099099099
155.67567567567568,233.51351351351352,311.35135135135135
156.3963963963964,234.5945945945946,312.7927927927928
157.11711711711712,235.67567567567568,314.23423423423424
157.83783783783784,236.75675675675677,315.6756756756757
158.55855855855856,237.83783783783784,317.1171171171171
159.27927927927928,238.91891891891893,318.55855855855856
160.0,240.0,320.0
160.72072072072072,241.0810810810811,321.44144144144144
161.44144144144144,242.1621621621622,322.8828828828829
162.16216216216216,243.24324324324326,324.3243243243243
162.88288288288288,244.32432432432435,325.76576576576576
163.6036036036036,245.40540540540542,327.2072072072072
164.32432432432432,246.4864864864865,328.64864864864865
165.04504504504504,247.56756756756758,330.0900900900901
165.76576576576576,248.64864864864867,331.5315315315315
166.48648648648648,249.72972972972974,332.97297297297297
167.2072072072072,250.81081081081084,334.4144144144144
167.92792792792793,251.8918918918919,335.85585585585585
168.64864864864865,252.972972972973,337.2972972972973
169.36936936936937,254.05405405405406,338.73873873873873
170.0900900900901,255.13513513513516,340.1801801801802
170.8108108108108,256.21621621621625,341.6216216216216
171.53153153153153,257.2972972972973,343.06306306306305
172.25225225225225,258.3783783783784,344.5045045045045
172.97297297297297,259.4594594594595,345.94594594594594
173.6936936936937,260.5405405405406,347.3873873873874
174.4144144144144,261.6216216216216,348.8288288288288
175.13513513513513,262.7027027027027,350.27027027027026
175.85585585585585,263.7837837837838,351.7117117117117
176.57657657657657,264.8648648648649,353.15315315315314
177.2972972972973,265.94594594594594,354.5945945945946
178.018018018018,267.02702702702703,356.036036036036
178.73873873873873,268.1081081081081,357.47747747747746
179.45945945945945,269.1891891891892,358.9189189189189
180.18018018018017,270.27027027027026,360.36036036036035
180.9009009009009,271.35135135135135,361.8018018018018
181.6216216216216,272.43243243243245,363.2432432432432
182.34234234234233,273.51351351351354,364.68468468468467
183.06306306306305,274.5945945945946,366.1261261261261
183.78378378378378,275.6756756756757,367.56756756756755
184.5045045045045,276.7567567567568,369.009009009009
185.22522522522522,277.83783783783787,370.45045045045043
185.94594594594594,278.91891891891896,371.8918918918919
186.66666666666666,280.0,373.3333333333333
187.38738738738738,281.0810810810811,374.77477477477476
188.1081081081081,282.1621621621622,376.2162162162162
188.82882882882882,283.2432432432433,377.65765765765764
189.54954954954954,284.3243243243243,379.0990990990991
190.27027027027026,285.4054054054054,380.5405405405405
190.99099099099098,286.4864864864865,381.98198198198196
191.7117117117117,287.5675675675676,383.4234234234234
192.43243243243242,288.64864864864865,384.86486486486484
193.15315315315314,289.72972972972974,386.3063063063063
193.87387387387386,290.81081081081084,387.7477477477477
194.59459459459458,291.89189189189193,389.18918918918916
195.3153153153153,292.97297297297297,390.6306306306306
196.03603603603602,294.05405405405406,392.07207207207205
196.75675675675674,295.13513513513516,393.5135135135135
197.47747747747746,296.21621621621625,394.9549549549549
198.19819819819818,297.2972972972973,396.39639639639637
198.9189189189189,298.3783783783784,397.8378378378378
199.63963963963963,299.4594594594595,399.27927927927925
200.36036036036035,300.5405405405406,400.7207207207207
201.08108108108107,301.6216216216216,402.16216216216213
201.8018018018018,302.7027027027027,403.6036036036036
202.5225225225225,303.7837837837838,405.045045045045
203.24324324324323,304.8648648648649,406.48648648648646
203.96396396396395,305.94594594594594,407.9279279279279
204.68468468468467,307.02702702702703,409.36936936936934
205.4054054054054,308.1081081081081,410.8108108108108
206.1261261261261,309.1891891891892,412.2522522522522
206.84684684684683,310.27027027027026,413.69369369369366
207.56756756756755,311.35135135135135,415.1351351351351
208.28828828828827,312.43243243243245,416.57657657657654
209.009009009009,313.51351351351354,418.018018018018
209.7297297297297,314.59459459459464,419.4594594594594
210.45045045045043,315.6756756756757,420.90090090090087
211.17117117117115,316.7567567567568,422.3423423423423
211.89189189189187,317.83783783783787,423.78378378378375
212.6126126126126,318.91891891891896,425.2252252252252
213.33333333333331,320.0,426.66666666666663
214.05405405405403,321.0810810810811,428.10810810810807
214.77477477477476,322.1621621621622,429.5495495495495
215.49549549549548,323.2432432432433,430.99099099099095
216.2162162162162,324.3243243243243,432.4324324324324
216.93693693693692,325.4054054054054,433.87387387387383
217.65765765765764,326.4864864864865,435.3153153153153
218.37837837837836,327.5675675675676,436.7567567567567
219.09909909909908,328.64864864864865,438.19819819819816
219.8198198198198,329.72972972972974,439.6396396396396
220.54054054054052,330.81081081081084,441.08108108108104
221.26126126126124,331.89189189189193,442.5225225225225
221.98198198198196,332.97297297297297,443.9639639639639
222.70270270270268,334.05405405405406,445.40540540540536
223.4234234234234,335.13513513513516,446.8468468468468
224.14414414414412,336.21621621621625,448.28828828828824
224.86486486486484,337.2972972972973,449.7297297297297
225.58558558558556,338.3783783783784,451.1711711711711
226.30630630630628,339.4594594594595,452.61261261261257
227.027027027027,340.5405405405406,454.054054054054
227.74774774774772,341.6216216216216,455.49549549549545
228.46846846846844,342.7027027027027,456.9369369369369
229.18918918918916,343.7837837837838,458.37837837837833
229.90990990990989,344.8648648648649,459.81981981981977
230.6306306306306,345.94594594594594,461.2612612612612
231.35135135135135,347.02702702702703,462.7027027027027
232.07207207207207,348.1081081081081,464.14414414414415
232.7927927927928,349.1891891891892,465.5855855855856
233.51351351351352,350.2702702702703,467.02702702702703
234.23423423423424,351.35135135135135,468.4684684684685
234.95495495495496,352.43243243243245,469.9099099099099
235.67567567567568,353.51351351351354,471.35135135135135
236.3963963963964,354.59459459459464,472.7927927927928
237.11711711711712,355.6756756756757,474.23423423423424
237.83783783783784,356.7567567567568,475.6756756756757
238.55855855855856,357.83783783783787,477.1171171171171
239.27927927927928,358.91891891891896,478.55855855855856
240.0,360.0,480.0
240.72072072072072,361.0810810810811,481.44144144144144
241.44144144144144,362.1621621621622,482.8828828828829
242.16216216216216,363.2432432432433,484.3243243243243
242.88288288288288,364.3243243243243,485.76576576576576
243.6036036036036,365.4054054054054,487.2072072072072
244.32432432432432,366.4864864864865,488.64864864864865
245.04504504504504,367.5675675675676,490.0900900900901
245.76576576576576,368.64864864864865,491.5315315315315
246.48648648648648,369.72972972972974,492.97297297297297
247.2072072072072,370.81081081081084,494.4144144144144
247.92792792792793,371.89189189189193,495.85585585585585
248.64864864864865,372.97297297297297,497.2972972972973
249.36936936936937,374.05405405405406,498.73873873873873
250.0900900900901,375.13513513513516,500.1801801801802
250.8108108108108,376.21621621621625,501.6216216216216
251.53153153153153,377.2972972972973,503.06306306306305
252.25225225225225,378.3783783783784,504.5045045045045
252.97297297297297,379.4594594594595,505.94594594594594
253.6936936936937,380.5405405405406,507.3873873873874
254.4144144144144,381.62162162162167,508.8288288288288
255.13513513513513,382.7027027027027,510.27027027027026
255.85585585585585,383.7837837837838,511.7117117117117
256.57657657657654,384.8648648648649,513.1531531531531
257.2972972972973,385.945945945946,514.5945945945946
258.018018018018,387.02702702702703,516.036036036036
258.73873873873873,388.1081081081081,517.4774774774775
259.4594594594594,389.1891891891892,518.9189189189188
260.1801801801802,390.2702702702703,520.3603603603603
260.90090090090087,391.35135135135135,521.8018018018017
261.6216216216216,392.43243243243245,523.2432432432432
262.3423423423423,393.51351351351354,524.6846846846846
263.06306306306305,394.59459459459464,526.1261261261261
263.78378378378375,395.6756756756757,527.5675675675675
264.5045045045045,396.7567567567568,529.009009009009
265.2252252252252,397.83783783783787,530.4504504504504
265.94594594594594,398.91891891891896,531.8918918918919
266.66666666666663,400.0,533.3333333333333
267.3873873873874,401.0810810810811,534.7747747747748
268.10810810810807,402.1621621621622,536.2162162162161
268.8288288288288,403.2432432432433,537.6576576576576
269.5495495495495,404.3243243243243,539.099099099099
270.27027027027026,405.4054054054054,540.5405405405405
270.99099099099095,406.4864864864865,541.9819819819819
271.7117117117117,407.5675675675676,543.4234234234234
272.4324324324324,408.64864864864865,544.8648648648648
273.15315315315314,409.72972972972974,546.3063063063063
273.87387387387383,410.81081081081084,547.7477477477477
274.5945945945946,411.89189189189193,549.1891891891892
275.3153153153153,412.97297297297297,550.6306306306305
276.036036036036,414.05405405405406,552.072072072072
276.7567567567568,415.13513513513516,553.5135135135135
277.47747747747746,416.21621621621625,554.9549549549549
278.1981981981982,417.29729729729735,556.3963963963964
278.9189189189189,418.3783783783784,557.8378378378378
279.63963963963965,419.4594594594595,559.2792792792793
280.36036036036035,420.5405405405406,560.7207207207207
281.0810810810811,421.62162162162167,562.1621621621622
281.8018018018018,422.7027027027027,563.6036036036036
282.52252252252254,423.7837837837838,565.0450450450451
283.2432432432432,424.8648648648649,566.4864864864865
283.963963963964,425.945945945946,567.927927927928
284.68468468468467,427.02702702702703,569.3693693693693
285.4054054054054,428.1081081081081,570.8108108108108
286.1261261261261,429.1891891891892,572.2522522522522
286.84684684684686,430.2702702702703,573.6936936936937
287.56756756756755,431.35135135135135,575.1351351351351
288.2882882882883,432.43243243243245,576.5765765765766
289.009009009009,433.51351351351354,578.018018018018
289.72972972972974,434.59459459459464,579.4594594594595
290.45045045045043,435.6756756756757,580.9009009009009
291.1711711711712,436.7567567567568,582.3423423423424
291.8918918918919,437.83783783783787,583.7837837837837
292.6126126126126,438.91891891891896,585.2252252252252
293.3333333333333,440.0,586.6666666666666
294.05405405405406,441.0810810810811,588.1081081081081
294.77477477477476,442.1621621621622,589.5495495495495
295.4954954954955,443.2432432432433,590.990990990991
296.2162162162162,444.3243243243243,592.4324324324324
296.93693693693695,445.4054054054054,593.8738738738739
297.65765765765764,446.4864864864865,595.3153153153153
298.3783783783784,447.5675675675676,596.7567567567568
299.0990990990991,448.64864864864865,598.1981981981982
299.8198198198198,449.72972972972974,599.6396396396397
300.5405405405405,450.81081081081084,601.081081081081
301.26126126126127,451.89189189189193,602.5225225225225
301.98198198198196,452.972972972973,603.9639639639639
302.7027027027027,454.05405405405406,605.4054054054054
303.4234234234234,455.13513513513516,606.8468468468468
304.14414414414415,456.21621621621625,608.2882882882883
304.86486486486484,457.29729729729735,609.7297297297297
305.5855855855856,458.3783783783784,611.1711711711712
306.3063063063063,459.4594594594595,612.6126126126126
307.02702702702703,460.5405405405406,614.0540540540541
307.7477477477477,461.62162162162167,615.4954954954954
308.4684684684685,462.7027027027027,616.936936936937
309.18918918918916,463.7837837837838,618.3783783783783
309.9099099099099,464.8648648648649,619.8198198198198
310.6306306306306,465.945945945946,621.2612612612612
311.35135135135135,467.02702702702703,622.7027027027027
312.07207207207205,468.1081081081081,624.1441441441441
312.7927927927928,469.1891891891892,625.5855855855856
313.5135135135135,470.2702702702703,627.027027027027
314.23423423423424,471.35135135135135,628.4684684684685
314.9549549549549,472.43243243243245,629.9099099099099
315.6756756756757,473.51351351351354,631.3513513513514
316.39639639639637,474.59459459459464,632.7927927927927
317.1171171171171,475.6756756756757,634.2342342342342
317.8378378378378,476.7567567567568,635.6756756756756
318.55855855855856,477.83783783783787,637.1171171171171
319.27927927927925,478.91891891891896,638.5585585585585
320.0,480.0,640.0
320.7207207207207,481.0810810810811,641.4414414414414
321.44144144144144,482.1621621621622,642.8828828828829
322.16216216216213,483.2432432432433,644.3243243243243
322.8828828828829,484.3243243243244,645.7657657657658
323.6036036036036,485.4054054054054,647.2072072072071
324.3243243243243,486.4864864864865,648.6486486486486
325.045045045045,487.5675675675676,650.09009009009
325.76576576576576,488.6486486486487,651.5315315315315
326.48648648648646,489.72972972972974,652.9729729729729
327.2072072072072,490.81081081081084,654.4144144144144
327.9279279279279,491.89189189189193,655.8558558558558
328.64864864864865,492.972972972973,657.2972972972973
329.36936936936934,494.05405405405406,658.7387387387387
330.0900900900901,495.13513513513516,660.1801801801802
330.8108108108108,496.21621621621625,661.6216216216216
331.5315315315315,497.29729729729735,663.063063063063
332.2522522522522,498.3783783783784,664.5045045045044
332.97297297297297,499.4594594594595,665.9459459459459
333.69369369369366,500.5405405405406,667.3873873873873
334.4144144144144,501.62162162162167,668.8288288288288
335.1351351351351,502.7027027027027,670.2702702702702
335.85585585585585,503.7837837837838,671.7117117117117
336.57657657657654,504.8648648648649,673.1531531531531
337.2972972972973,505.945945945946,674.5945945945946
338.018018018018,507.02702702702703,676.036036036036
338.73873873873873,508.1081081081081,677.4774774774775
339.4594594594594,509.1891891891892,678.9189189189188
340.1801801801802,510.2702702702703,680.3603603603603
340.90090090090087,511.35135135135135,681.8018018018017
341.6216216216216,512.4324324324325,683.2432432432432
342.3423423423423,513.5135135135135,684.6846846846846
343.06306306306305,514.5945945945946,686.1261261261261
343.78378378378375,515.6756756756757,687.5675675675675
344.5045045045045,516.7567567567568,689.009009009009
345.2252252252252,517.8378378378378,690.4504504504504
345.94594594594594,518.918918918919,691.8918918918919
346.66666666666663,520.0,693.3333333333333
347.3873873873874,521.0810810810812,694.7747747747748
348.10810810810807,522.1621621621622,696.2162162162161
348.8288288288288,523.2432432432432,697.6576576576576
349.5495495495495,524.3243243243244,699.099099099099
350.27027027027026,525.4054054054054,700.5405405405405
350.99099099099095,526.4864864864866,701.9819819819819
351.7117117117117,527.5675675675676,703.4234234234234
352.4324324324324,528.6486486486486,704.8648648648648
353.15315315315314,529.7297297297298,706.3063063063063
353.87387387387383,530.8108108108108,707.7477477477477
354.5945945945946,531.8918918918919,709.1891891891892
355.3153153153153,532.972972972973,710.6306306306305
356.036036036036,534.0540540540541,712.072072072072
356.7567567567567,535.1351351351352,713.5135135135134
357.47747747747746,536.2162162162163,714.9549549549549
358.19819819819816,537.2972972972973,716.3963963963963
358.9189189189189,538.3783783783784,717.8378378378378
359.6396396396396,539.4594594594595,719.2792792792792
360.36036036036035,540.5405405405405,720.7207207207207
361.08108108108104,541.6216216216217,722.1621621621621
361.8018018018018,542.7027027027027,723.6036036036036
362.5225225225225,543.7837837837839,725.045045045045
363.2432432432432,544.8648648648649,726.4864864864865
363.9639639639639,545.9459459459459,727.9279279279278
364.68468468468467,547.0270270270271,729.3693693693693
365.40540540540536,548.1081081081081,730.8108108108107
366.1261261261261,549.1891891891892,732.2522522522522
366.8468468468468,550.2702702702703,733.6936936936936
367.56756756756755,551.3513513513514,735.1351351351351
368.28828828828824,552.4324324324325,736.5765765765765
369.009009009009,553.5135135135135,738.018018018018
369.72972972972974,554.5945945945946,739.4594594594595
370.45045045045043,555.6756756756757,740.9009009009009
371.1711711711712,556.7567567567568,742.3423423423424
371.8918918918919,557.8378378378379,743.7837837837837
372.6126126126126,558.918918918919,745.2252252252252
373.3333333333333,560.0,746.6666666666666
374.05405405405406,561.0810810810812,748.1081081081081
374.77477477477476,562.1621621621622,749.5495495495495
375.4954954954955,563.2432432432432,750.990990990991
376.2162162162162,564.3243243243244,752.4324324324324
376.93693693693695,565.4054054054054,753.8738738738739
377.65765765765764,566.4864864864866,755.3153153153153
378.3783783783784,567.5675675675676,756.7567567567568
379.0990990990991,568.6486486486486,758.1981981981982
379.8198198198198,569.7297297297298,759.6396396396397
380.5405405405405,570.8108108108108,761.081081081081
381.26126126126127,571.8918918918919,762.5225225225225
381.98198198198196,572.972972972973,763.9639639639639
382.7027027027027,574.0540540540541,765.4054054054054
383.4234234234234,575.1351351351352,766.8468468468468
384.14414414414415,576.2162162162163,768.2882882882883
384.86486486486484,577.2972972972973,769.7297297297297
385.5855855855856,578.3783783783784,771.1711711711712
386.3063063063063,579.4594594594595,772.6126126126126
387.02702702702703,580.5405405405405,774.0540540540541
387.7477477477477,581.6216216216217,775.4954954954954
388.4684684684685,582.7027027027027,776.936936936937
389.18918918918916,583.7837837837839,778.3783783783783
389.9099099099099,584.8648648648649,779.8198198198198
390.6306306306306,585.9459459459459,781.2612612612612
391.35135135135135,587.0270270270271,782.7027027027027
392.07207207207205,588.1081081081081,784.1441441441441
392.7927927927928,589.1891891891893,785.5855855855856
393.5135135135135,590.2702702702703,787.027027027027
394.23423423423424,591.3513513513514,788.4684684684685
394.9549549549549,592.4324324324325,789.9099099099099
395.6756756756757,593.5135135135135,791.3513513513514
396.39639639639637,594.5945945945946,792.7927927927927
397.1171171171171,595.6756756756757,794.2342342342342
397.8378378378378,596.7567567567568,795.6756756756756
398.55855855855856,597.8378378378379,797.1171171171171
399.27927927927925,598.918918918919,798.5585585585585
400.0,600.0,800.0
400.7207207207207,601.0810810810812,801.4414414414414
401.44144144144144,602.1621621621622,802.8828828828829
402.16216216216213,603.2432432432432,804.3243243243243
402.8828828828829,604.3243243243244,805.7657657657658
403.6036036036036,605.4054054054054,807.2072072072071
404.3243243243243,606.4864864864866,808.6486486486486
405.045045045045,607.5675675675676,810.09009009009
405.76576576576576,608.6486486486486,811.5315315315315
406.48648648648646,609.7297297297298,812.9729729729729
407.2072072072072,610.8108108108108,814.4144144144144
407.9279279279279,611.8918918918919,815.8558558558558
408.64864864864865,612.972972972973,817.2972972972973
409.36936936936934,614.0540540540541,818.7387387387387
410.0900900900901,615.1351351351352,820.1801801801802
410.8108108108108,616.2162162162163,821.6216216216216
411.5315315315315,617.2972972972973,823.063063063063
412.2522522522522,618.3783783783784,824.5045045045044
412.97297297297297,619.4594594594595,825.9459459459459
413.69369369369366,620.5405405405405,827.3873873873873
414.4144144144144,621.6216216216217,828.8288288288288
415.1351351351351,622.7027027027027,830.2702702702702
415.85585585585585,623.7837837837839,831.7117117117117
416.57657657657654,624.8648648648649,833.1531531531531
417.2972972972973,625.9459459459459,834.5945945945946
418.018018018018,627.0270270270271,836.036036036036
418.73873873873873,628.1081081081081,837.4774774774775
419.4594594594594,629.1891891891893,838.9189189189188
420.1801801801802,630.2702702702703,840.3603603603603
420.90090090090087,631.3513513513514,841.8018018018017
421.6216216216216,632.4324324324325,843.2432432432432
422.3423423423423,633.5135135135135,844.6846846846846
423.06306306306305,634.5945945945946,846.1261261261261
423.78378378378375,635.6756756756757,847.5675675675675
424.5045045045045,636.7567567567568,849.009009009009
425.2252252252252,637.8378378378379,850.4504504504504
425.94594594594594,638.918918918919,851.8918918918919
426.66666666666663,640.0,853.3333333333333
427.3873873873874,641.0810810810812,854.7747747747748
428.10810810810807,642.1621621621622,856.2162162162161
428.8288288288288,643.2432432432432,857.6576576576576
429.5495495495495,644.3243243243244,859.099099099099
430.27027027027026,645.4054054054054,860.5405405405405
430.99099099099095,646.4864864864866,861.9819819819819
431.7117117117117,647.5675675675676,863.4234234234234
432.4324324324324,648.6486486486486,864.8648648648648
433.15315315315314,649.7297297297298,866.3063063063063
433.87387387387383,650.8108108108108,867.7477477477477
434.5945945945946,651.8918918918919,869.1891891891892
435.3153153153153,652.972972972973,870.6306306306305
436.036036036036,654.0540540540541,872.072072072072
436.7567567567567,655.1351351351352,873.5135135135134
437.47747747747746,656.2162162162163,874.9549549549549
438.19819819819816,657.2972972972973,876.3963963963963
438.9189189189189,658.3783783783784,877.8378378378378
439.6396396396396,659.4594594594595,879.2792792792792
440.36036036036035,660.5405405405406,880.7207207207207
441.08108108108104,661.6216216216217,882.1621621621621
441.8018018018018,662.7027027027027,883.6036036036036
442.5225225225225,663.7837837837839,885.045045045045
443.2432432432432,664.8648648648649,886.4864864864865
443.9639639639639,665.9459459459459,887.9279279279278
444.68468468468467,667.0270270270271,889.3693693693693
445.40540540540536,668.1081081081081,890.8108108108107
446.1261261261261,669.1891891891893,892.2522522522522
446.8468468468468,670.2702702702703,893.6936936936936
447.56756756756755,671.3513513513514,895.1351351351351
448.28828828828824,672.4324324324325,896.5765765765765
449.009009009009,673.5135135135135,898.018018018018
449.7297297297297,674.5945945945946,899.4594594594594
450.45045045045043,675.6756756756757,900.9009009009009
451.1711711711711,676.7567567567568,902.3423423423422
451.8918918918919,677.8378378378379,903.7837837837837
452.61261261261257,678.918918918919,905.2252252252251
453.3333333333333,680.0,906.6666666666666
454.054054054054,681.0810810810812,908.108108108108
454.77477477477476,682.1621621621622,909.5495495495495
455.49549549549545,683.2432432432432,910.9909909909909
456.2162162162162,684.3243243243244,912.4324324324324
456.9369369369369,685.4054054054054,913.8738738738738
457.65765765765764,686.4864864864866,915.3153153153153
458.37837837837833,687.5675675675676,916.7567567567567
459.0990990990991,688.6486486486486,918.1981981981982
459.81981981981977,689.7297297297298,919.6396396396395
460.5405405405405,690.8108108108108,921.081081081081
461.2612612612612,691.8918918918919,922.5225225225224
461.98198198198196,692.972972972973,923.9639639639639
462.7027027027027,694.0540540540541,925.4054054054054
463.4234234234234,695.1351351351352,926.8468468468468
464.14414414414415,696.2162162162163,928.2882882882883
464.86486486486484,697.2972972972973,929.7297297297297
465.5855855855856,698.3783783783784,931.1711711711712
466.3063063063063,699.4594594594595,932.6126126126126
467.02702702702703,700.5405405405406,934.0540540540541
467.7477477477477,701.6216216216217,935.4954954954954
468.4684684684685,702.7027027027027,936.936936936937
469.18918918918916,703.7837837837839,938.3783783783783
469.9099099099099,704.8648648648649,939.8198198198198
470.6306306306306,705.9459459459459,941.2612612612612
471.35135135135135,707.0270270270271,942.7027027027027
472.07207207207205,708.1081081081081,944.1441441441441
472.7927927927928,709.1891891891893,945.5855855855856
473.5135135135135,710.2702702702703,947.027027027027
474.23423423423424,711.3513513513514,948.4684684684685
474.9549549549549,712.4324324324325,949.9099099099099
475.6756756756757,713.5135135135135,951.3513513513514
476.39639639639637,714.5945945945946,952.7927927927927
477.1171171171171,715.6756756756757,954.2342342342342
477.8378378378378,716.7567567567568,955.6756756756756
478.55855855855856,717.8378378378379,957.1171171171171
479.27927927927925,718.918918918919,958.5585585585585
480.0,720.0,960.0
480.7207207207207,721.0810810810812,961.4414414414414
481.44144144144144,722.1621621621622,962.8828828828829
482.16216216216213,723.2432432432432,964.3243243243243
482.8828828828829,724.3243243243244,965.7657657657658
483.6036036036036,725.4054054054054,967.2072072072071
484.3243243243243,726.4864864864866,968.6486486486486
485.045045045045,727.5675675675676,970.09009009009
485.76576576576576,728.6486486486486,971.5315315315315
486.48648648648646,729.7297297297298,972.9729729729729
487.2072072072072,730.8108108108108,974.4144144144144
487.9279279279279,731.891891891892,975.8558558558558
488.64864864864865,732.972972972973,977.2972972972973
489.36936936936934,734.0540540540541,978.7387387387387
490.0900900900901,735.1351351351352,980.1801801801802
490.8108108108108,736.2162162162163,981.6216216216216
491.5315315315315,737.2972972972973,983.063063063063
492.2522522522522,738.3783783783784,984.5045045045044
492.97297297297297,739.4594594594595,985.9459459459459
493.69369369369366,740.5405405405406,987.3873873873873
494.4144144144144,741.6216216216217,988.8288288288288
495.1351351351351,742.7027027027027,990.2702702702702
495.85585585585585,743.7837837837839,991.7117117117117
496.57657657657654,744.8648648648649,993.1531531531531
497.2972972972973,745.9459459459459,994.5945945945946
498.018018018018,747.0270270270271,996.036036036036
498.73873873873873,748.1081081081081,997.4774774774775
499.4594594594594,749.1891891891893,998.9189189189188
500.1801801801802,750.2702702702703,1000.3603603603603
500.90090090090087,751.3513513513514,1001.8018018018017
501.6216216216216,752.4324324324325,1003.2432432432432
502.3423423423423,753.5135135135135,1004.6846846846846
503.06306306306305,754.5945945945946,1006.1261261261261
503.78378378378375,755.6756756756757,1007.5675675675675
504.5045045045045,756.7567567567568,1009.009009009009
505.2252252252252,757.8378378378379,1010.4504504504504
505.94594594594594,758.918918918919,1011.8918918918919
506.66666666666663,760.0,1013.3333333333333
507.3873873873874,761.0810810810812,1014.7747747747748
508.10810810810807,762.1621621621622,1016.2162162162161
508.8288288288288,763.2432432432433,1017.6576576576576
509.5495495495495,764.3243243243244,1019.099099099099
510.27027027027026,765.4054054054054,1020.5405405405405
510.99099099099095,766.4864864864866,1021.9819819819819
511.7117117117117,767.5675675675676,1023.4234234234234
512.4324324324324,768.6486486486486,1024.8648648648648
513.1531531531531,769.7297297297298,1026.3063063063062
513.8738738738739,770.8108108108108,1027.7477477477478
514.5945945945946,771.891891891892,1029.1891891891892
515.3153153153153,772.972972972973,1030.6306306306305
516.036036036036,774.0540540540541,1032.072072072072
516.7567567567568,775.1351351351352,1033.5135135135135
517.4774774774775,776.2162162162163,1034.954954954955
518.1981981981982,777.2972972972973,1036.3963963963963
518.9189189189188,778.3783783783784,1037.8378378378377
519.6396396396397,779.4594594594595,1039.2792792792793
520.3603603603603,780.5405405405406,1040.7207207207207
521.081081081081,781.6216216216217,1042.162162162162
521.8018018018017,782.7027027027027,1043.6036036036035
522.5225225225225,783.7837837837839,1045.045045045045
523.2432432432432,784.8648648648649,1046.4864864864865
523.9639639639639,785.9459459459459,1047.9279279279278
524.6846846846846,787.0270270270271,1049.3693693693692
525.4054054054054,788.1081081081081,1050.8108108108108
526.1261261261261,789.1891891891893,1052.2522522522522
526.8468468468468,790.2702702702703,1053.6936936936936
527.5675675675675,791.3513513513514,1055.135135135135
528.2882882882883,792.4324324324325,1056.5765765765766
529.009009009009,793.5135135135135,1058.018018018018
529.7297297297297,794.5945945945946,1059.4594594594594
530.4504504504504,795.6756756756757,1060.9009009009008
531.1711711711712,796.7567567567568,1062.3423423423424
531.8918918918919,797.8378378378379,1063.7837837837837
532.6126126126126,798.918918918919,1065.2252252252251
533.3333333333333,800.0,1066.6666666666665
534.0540540540541,801.0810810810812,1068.1081081081081
534.7747747747748,802.1621621621622,1069.5495495495495
535.4954954954954,803.2432432432433,1070.990990990991
536.2162162162161,804.3243243243244,1072.4324324324323
536.936936936937,805.4054054054054,1073.873873873874
537.6576576576576,806.4864864864866,1075.3153153153153
538.3783783783783,807.5675675675676,1076.7567567567567
539.099099099099,808.6486486486486,1078.198198198198
539.8198198198198,809.7297297297298,1079.6396396396397
540.5405405405405,810.8108108108108,1081.081081081081
541.2612612612612,811.891891891892,1082.5225225225224
541.9819819819819,812.972972972973,1083.9639639639638
542.7027027027027,814.0540540540541,1085.4054054054054
543.4234234234234,815.1351351351352,1086.8468468468468
544.1441441441441,816.2162162162163,1088.2882882882882
544.8648648648648,817.2972972972973,1089.7297297297296
545.5855855855856,818.3783783783784,1091.1711711711712
546.3063063063063,819.4594594594595,1092.6126126126126
547.027027027027,820.5405405405406,1094.054054054054
547.7477477477477,821.6216216216217,1095.4954954954953
548.4684684684685,822.7027027027027,1096.936936936937
549.1891891891892,823.7837837837839,1098.3783783783783
549.9099099099099,824.8648648648649,1099.8198198198197
550.6306306306305,825.9459459459459,1101.261261261261
551.3513513513514,827.0270270270271,1102.7027027027027
552.072072072072,828.1081081081081,1104.144144144144
552.7927927927927,829.1891891891893,1105.5855855855855
553.5135135135135,830.2702702702703,1107.027027027027
554.2342342342342,831.3513513513514,1108.4684684684685
554.9549549549549,832.4324324324325,1109.9099099099099
555.6756756756756,833.5135135135135,1111.3513513513512
556.3963963963964,834.5945945945947,1112.7927927927929
557.1171171171171,835.6756756756757,1114.2342342342342
557.8378378378378,836.7567567567568,1115.6756756756756
558.5585585585585,837.8378378378379,1117.117117117117
559.2792792792793,838.918918918919,1118.5585585585586
560.0,840.0,1120.0
560.7207207207207,841.0810810810812,1121.4414414414414
561.4414414414414,842.1621621621622,1122.8828828828828
562.1621621621622,843.2432432432433,1124.3243243243244
562.8828828828829,844.3243243243244,1125.7657657657658
563.6036036036036,845.4054054054054,1127.2072072072071
564.3243243243243,846.4864864864866,1128.6486486486485
565.0450450450451,847.5675675675676,1130.0900900900901
565.7657657657658,848.6486486486486,1131.5315315315315
566.4864864864865,849.7297297297298,1132.972972972973
567.2072072072071,850.8108108108108,1134.4144144144143
567.927927927928,851.891891891892,1135.855855855856
568.6486486486486,852.972972972973,1137.2972972972973
569.3693693693693,854.0540540540541,1138.7387387387387
570.09009009009,855.1351351351352,1140.18018018018
570.8108108108108,856.2162162162163,1141.6216216216217
571.5315315315315,857.2972972972973,1143.063063063063
572.2522522522522,858.3783783783784,1144.5045045045044
572.9729729729729,859.4594594594595,1145.9459459459458
573.6936936936937,860.5405405405406,1147.3873873873874
574.4144144144144,861.6216216216217,1148.8288288288288
575.1351351351351,862.7027027027027,1150.2702702702702
575.8558558558558,863.7837837837839,1151.7117117117116
576.5765765765766,864.8648648648649,1153.1531531531532
577.2972972972973,865.945945945946,1154.5945945945946
578.018018018018,867.0270270270271,1156.036036036036
578.7387387387387,868.1081081081081,1157.4774774774774
579.4594594594595,869.1891891891893,1158.918918918919
580.1801801801802,870.2702702702703,1160.3603603603603
580.9009009009009,871.3513513513514,1161.8018018018017
581.6216216216216,872.4324324324325,1163.2432432432431
582.3423423423424,873.5135135135135,1164.6846846846847
583.063063063063,874.5945945945947,1166.126126126126
583.7837837837837,875.6756756756757,1167.5675675675675
584.5045045045044,876.7567567567568,1169.0090090090089
585.2252252252252,877.8378378378379,1170.4504504504505
585.9459459459459,878.918918918919,1171.8918918918919
586.6666666666666,880.0,1173.3333333333333
587.3873873873873,881.0810810810812,1174.7747747747746
588.1081081081081,882.1621621621622,1176.2162162162163
588.8288288288288,883.2432432432433,1177.6576576576576
589.5495495495495,884.3243243243244,1179.099099099099
590.2702702702702,885.4054054054054,1180.5405405405404
590.990990990991,886.4864864864866,1181.981981981982
591.7117117117117,887.5675675675676,1183.4234234234234
592.4324324324324,888.6486486486486,1184.8648648648648
593.1531531531531,889.7297297297298,1186.3063063063062
593.8738738738739,890.8108108108108,1187.7477477477478
594.5945945945946,891.891891891892,1189.1891891891892
595.3153153153153,892.972972972973,1190.6306306306305
596.036036036036,894.0540540540541,1192.072072072072
596.7567567567568,895.1351351351352,1193.5135135135135
597.4774774774775,896.2162162162163,1194.954954954955
598.1981981981982,897.2972972972973,1196.3963963963963
598.9189189189188,898.3783783783784,1197.8378378378377
599.6396396396397,899.4594594594595,1199.2792792792793
600.3603603603603,900.5405405405406,1200.7207207207207
601.081081081081,901.6216216216217,1202.162162162162
601.8018018018017,902.7027027027027,1203.6036036036035
602.5225225225225,903.7837837837839,1205.045045045045
603.2432432432432,904.8648648648649,1206.4864864864865
603.9639639639639,905.945945945946,1207.9279279279278
604.6846846846846,907.0270270270271,1209.3693693693692
605.4054054054054,908.1081081081081,1210.8108108108108
606.1261261261261,909.1891891891893,1212.2522522522522
606.8468468468468,910.2702702702703,1213.6936936936936
607.5675675675675,911.3513513513514,1215.135135135135
608.2882882882883,912.4324324324325,1216.5765765765766
609.009009009009,913.5135135135135,1218.018018018018
609.7297297297297,914.5945945945947,1219.4594594594594
610.4504504504504,915.6756756756757,1220.9009009009008
611.1711711711712,916.7567567567568,1222.3423423423424
611.8918918918919,917.8378378378379,1223.7837837837837
612.6126126126126,918.918918918919,1225.2252252252251
613.3333333333333,920.0,1226.6666666666665
614.0540540540541,921.0810810810812,1228.1081081081081
614.7747747747748,922.1621621621622,1229.5495495495495
615.4954954954954,923.2432432432433,1230.990990990991
616.2162162162161,924.3243243243244,1232.4324324324323
616.936936936937,925.4054054054054,1233.873873873874
617.6576576576576,926.4864864864866,1235.3153153153153
618.3783783783783,927.5675675675676,1236.7567567567567
619.099099099099,928.6486486486486,1238.198198198198
619.8198198198198,929.7297297297298,1239.6396396396397
620.5405405405405,930.8108108108108,1241.081081081081
621.2612612612612,931.891891891892,1242.5225225225224
621.9819819819819,932.972972972973,1243.9639639639638
622.7027027027027,934.0540540540541,1245.4054054054054
623.4234234234234,935.1351351351352,1246.8468468468468
624.1441441441441,936.2162162162163,1248.2882882882882
624.8648648648648,937.2972972972974,1249.7297297297296
625.5855855855856,938.3783783783784,1251.1711711711712
626.3063063063063,939.4594594594595,1252.6126126126126
627.027027027027,940.5405405405406,1254.054054054054
627.7477477477477,941.6216216216217,1255.4954954954953
628.4684684684685,942.7027027027027,1256.936936936937
629.1891891891892,943.7837837837839,1258.3783783783783
629.9099099099099,944.8648648648649,1259.8198198198197
630.6306306306305,945.945945945946,1261.261261261261
631.3513513513514,947.0270270270271,1262.7027027027027
632.072072072072,948.1081081081081,1264.144144144144
632.7927927927927,949.1891891891893,1265.5855855855855
633.5135135135134,950.2702702702703,1267.0270270270269
634.2342342342342,951.3513513513514,1268.4684684684685
634.9549549549549,952.4324324324325,1269.9099099099099
635.6756756756756,953.5135135135135,1271.3513513513512
636.3963963963963,954.5945945945947,1272.7927927927926
637.1171171171171,955.6756756756757,1274.2342342342342
637.8378378378378,956.7567567567568,1275.6756756756756
638.5585585585585,957.8378378378379,1277.117117117117
639.2792792792792,958.918918918919,1278.5585585585584
640.0,960.0,1280.0
640.7207207207207,961.0810810810812,1281.4414414414414
641.4414414414414,962.1621621621622,1282.8828828828828
642.1621621621621,963.2432432432433,1284.3243243243242
642.8828828828829,964.3243243243244,1285.7657657657658
643.6036036036036,965.4054054054054,1287.2072072072071
644.3243243243243,966.4864864864866,1288.6486486486485
645.045045045045,967.5675675675676,1290.09009009009
645.7657657657658,968.6486486486488,1291.5315315315315
646.4864864864865,969.7297297297298,1292.972972972973
647.2072072072071,970.8108108108108,1294.4144144144143
647.927927927928,971.891891891892,1295.855855855856
648.6486486486486,972.972972972973,1297.2972972972973
649.3693693693693,974.0540540540541,1298.7387387387387
650.09009009009,975.1351351351352,1300.18018018018
650.8108108108108,976.2162162162163,1301.6216216216217
651.5315315315315,977.2972972972974,1303.063063063063
652.2522522522522,978.3783783783784,1304.5045045045044
652.9729729729729,979.4594594594595,1305.9459459459458
653.6936936936937,980.5405405405406,1307.3873873873874
654.4144144144144,981.6216216216217,1308.8288288288288
655.1351351351351,982.7027027027027,1310.2702702702702
655.8558558558558,983.7837837837839,1311.7117117117116
656.5765765765766,984.8648648648649,1313.1531531531532
657.2972972972973,985.945945945946,1314.5945945945946
658.018018018018,987.0270270270271,1316.036036036036
658.7387387387387,988.1081081081081,1317.4774774774774
659.4594594594595,989.1891891891893,1318.918918918919
660.1801801801802,990.2702702702703,1320.3603603603603
660.9009009009009,991.3513513513514,1321.8018018018017
661.6216216216216,992.4324324324325,1323.2432432432431
662.3423423423424,993.5135135135135,1324.6846846846847
663.063063063063,994.5945945945947,1326.126126126126
663.7837837837837,995.6756756756757,1327.5675675675675
664.5045045045044,996.7567567567568,1329.0090090090089
665.2252252252252,997.8378378378379,1330.4504504504505
665.9459459459459,998.918918918919,1331.8918918918919
666.6666666666666,1000.0,1333.3333333333333
667.3873873873873,1001.0810810810812,1334.7747747747746
668.1081081081081,1002.1621621621622,1336.2162162162163
668.8288288288288,1003.2432432432433,1337.6576576576576
669.5495495495495,1004.3243243243244,1339.099099099099
670.2702702702702,1005.4054054054054,1340.5405405405404
670.990990990991,1006.4864864864866,1341.981981981982
671.7117117117117,1007.5675675675676,1343.4234234234234
672.4324324324324,1008.6486486486488,1344.8648648648648
673.1531531531531,1009.7297297297298,1346.3063063063062
673.8738738738739,1010.8108108108108,1347.7477477477478
674.5945945945946,1011.891891891892,1349.1891891891892
675.3153153153153,1012.972972972973,1350.6306306306305
676.036036036036,1014.0540540540541,1352.072072072072
676.7567567567568,1015.1351351351352,1353.5135135135135
677.4774774774775,1016.2162162162163,1354.954954954955
678.1981981981982,1017.2972972972974,1356.3963963963963
678.9189189189188,1018.3783783783784,1357.8378378378377
679.6396396396397,1019.4594594594595,1359.2792792792793
680.3603603603603,1020.5405405405406,1360.7207207207207
681.081081081081,1021.6216216216217,1362.162162162162
681.8018018018017,1022.7027027027027,1363.6036036036035
682.5225225225225,1023.7837837837839,1365.045045045045
683.2432432432432,1024.864864864865,1366.4864864864865
683.9639639639639,1025.945945945946,1367.9279279279278
684.6846846846846,1027.027027027027,1369.3693693693692
685.4054054054054,1028.1081081081081,1370.8108108108108
686.1261261261261,1029.1891891891892,1372.2522522522522
686.8468468468468,1030.2702702702704,1373.6936936936936
687.5675675675675,1031.3513513513515,1375.135135135135
688.2882882882883,1032.4324324324325,1376.5765765765766
689.009009009009,1033.5135135135135,1378.018018018018
689.7297297297297,1034.5945945945946,1379.4594594594594
690.4504504504504,1035.6756756756756,1380.9009009009008
691.1711711711712,1036.7567567567569,1382.3423423423424
691.8918918918919,1037.837837837838,1383.7837837837837
692.6126126126126,1038.918918918919,1385.2252252252251
693.3333333333333,1040.0,1386.6666666666665
694.0540540540541,1041.081081081081,1388.1081081081081
694.7747747747748,1042.1621621621623,1389.5495495495495
695.4954954954954,1043.2432432432433,1390.990990990991
696.2162162162161,1044.3243243243244,1392.4324324324323
696.936936936937,1045.4054054054054,1393.873873873874
697.6576576576576,1046.4864864864865,1395.3153153153153
698.3783783783783,1047.5675675675677,1396.7567567567567
699.099099099099,1048.6486486486488,1398.198198198198
699.8198198198198,1049.7297297297298,1399.6396396396397
700.5405405405405,1050.8108108108108,1401.081081081081
701.2612612612612,1051.8918918918919,1402.5225225225224
701.9819819819819,1052.9729729729731,1403.9639639639638
702.7027027027027,1054.0540540540542,1405.4054054054054
703.4234234234234,1055.1351351351352,1406.8468468468468
704.1441441441441,1056.2162162162163,1408.2882882882882
704.8648648648648,1057.2972972972973,1409.7297297297296
705.5855855855856,1058.3783783783783,1411.1711711711712
706.3063063063063,1059.4594594594596,1412.6126126126126
707.027027027027,1060.5405405405406,1414.054054054054
707.7477477477477,1061.6216216216217,1415.4954954954953
708.4684684684685,1062.7027027027027,1416.936936936937
709.1891891891892,1063.7837837837837,1418.3783783783783
709.9099099099099,1064.864864864865,1419.8198198198197
710.6306306306305,1065.945945945946,1421.261261261261
711.3513513513514,1067.027027027027,1422.7027027027027
712.072072072072,1068.1081081081081,1424.144144144144
712.7927927927927,1069.1891891891892,1425.5855855855855
713.5135135135134,1070.2702702702704,1427.0270270270269
714.2342342342342,1071.3513513513515,1428.4684684684685
714.9549549549549,1072.4324324324325,1429.9099099099099
715.6756756756756,1073.5135135135135,1431.3513513513512
716.3963963963963,1074.5945945945946,1432.7927927927926
717.1171171171171,1075.6756756756758,1434.2342342342342
717.8378378378378,1076.7567567567569,1435.6756756756756
718.5585585585585,1077.837837837838,1437.117117117117
719.2792792792792,1078.918918918919,1438.5585585585584
720.0,1080.0,1440.0
